topic	status	attempted	downloaded
bridging_the_gap_spatial_verification	ok	3	2
cawcr_forecast_verification_methods_faq	ok	4	3
ivmw9_international_verification_method_workshop	ok	3	3
ivmw_2020_major_outcomes_bams_2022	no_pdf_links_found	0	0
verai_workshop_2025_meteorological_forecasts	ok	2	2
verification_ai_models_operational_centers	ok	3	3
wgne_2nd_international_verification_challenge	no_pdf_links_found	0	0
wmo_wgnev_extreme_dependence_binary_rare_events	no_downloadable_pdfs	12	0
wwrp_2012_cloud_parameters_recommended_methods	no_downloadable_pdfs	12	0
wwrp_2013_precipitation_forecast_verification_methods	no_pdf_links_found	0	0
