bridging_the_gap_spatial_verification	https://pic-romain.github.io/bridging-the-gap/
verification_ai_models_operational_centers	https://hpfx.collab.science.gc.ca/~bca851/VerAIops2025/index.html
verai_workshop_2025_meteorological_forecasts	https://www.met.reading.ac.uk/~pt904209/VerAI2025/index.html
ivmw9_international_verification_method_workshop	https://ivmw2024.weathersa.co.za/
wwrp_2012_cloud_parameters_recommended_methods	https://en.pdfdrive.to/dl/wmo-recommended-methods-for-evaluating-cloud-and-related-parameters-0
cawcr_forecast_verification_methods_faq	https://cawcr.gov.au/projects/verification/
wwrp_2013_precipitation_forecast_verification_methods	https://wmoomm.sharepoint.com/:b:/s/WWRP/Ea5efc60M_RHlp4uTpt3XfABRD8JiHfvdxMI9LFGf0rbyA?e=PpEcAr
ivmw_2020_major_outcomes_bams_2022	https://journals.ametsoc.org/view/journals/bams/103/3/BAMS-D-21-0126.1.xml
wmo_wgnev_extreme_dependence_binary_rare_events	https://wmo.int/wwrpwgne-joint-working-group-forecast-verification-research#Extreme_dependence
wgne_2nd_international_verification_challenge	https://wgne.net/2nd-international-verification-challenge-seeking-the-best-new-verification-metrics-making-use-of-non-traditional-observations/
